id,blog_id,headline,body_text,pub_date,mod_date,number_of_comments,number_of_pingbacks,rating,authors
1,1,The Future of AI in Tech,"Artificial Intelligence is revolutionizing the tech industry.",2024-01-15,2024-01-15,3,1,5,"1,2"
2,1,Top Gadgets of 2024,"Explore the coolest gadgets of 2024, from smartphones to smartwatches.",2024-02-10,2024-02-10,2,0,4,"3"
3,2,How to Stay Fit in Winter,"Staying active during the cold months can be challenging. Here are some tips.",2024-01-25,2024-01-25,0,0,5,"2,4"
4,2,Nutrition Tips for a Healthier Life,"Eating well is the foundation of good health. Here's what you need to know.",2024-02-01,2024-02-01,5,2,4,"1,3"
5,3,The Best Vegan Recipes,"If you're vegan, or just want to eat more plant-based foods, these recipes are for you!",2024-03-01,2024-03-01,1,1,5,"2,4"
6,3,Top 10 Restaurants in NYC,"Whether you're a local or a tourist, these restaurants are a must-try.",2024-03-10,2024-03-10,0,0,4,"5"
7,4,My Journey Through Europe,"Traveling across Europe has been a life-changing experience. Here's why.",2024-01-05,2024-01-05,4,0,5,"3"
8,4,Budget Travel Tips,"Traveling the world doesn't have to break the bank. Learn how to do it on a budget.",2024-02-20,2024-02-20,3,1,4,"1,2"
9,5,Spring Fashion Trends,"Get ahead of the game with the latest trends for the upcoming season.",2024-02-15,2024-02-15,2,0,4,"4,5"
10,5,Must-Have Accessories for 2024,"Accessories make the outfit. Here's what's hot this year.",2024-01-30,2024-01-30,1,0,5,"1,4"
11,1,How to Start a Tech Blog,"Want to share your thoughts on tech? Here's how to get started.",2024-03-05,2024-03-05,0,1,3,"2"
12,2,Dealing with Stress,"Stress can negatively affect your health. These strategies will help you cope.",2024-02-25,2024-02-25,6,2,4,"1"
13,3,10 Must-Visit Food Markets,"Food markets are a great way to experience local culture. Here are some top picks.",2024-01-18,2024-01-18,4,0,5,"2,3"
14,4,Exploring Asia,"Asia is a land of diverse cultures and traditions. Here's why you should visit.",2024-01-12,2024-01-12,3,1,4,"5"
15,5,How to Dress for Success,"Your clothes can say a lot about you. Here are some tips for looking your best.",2024-02-07,2024-02-07,0,1,5,"4"
16,1,The Rise of 5G,"5G networks are here, and they're changing the way we use technology.",2024-01-28,2024-01-28,2,1,4,"3"
17,2,Living a Sustainable Lifestyle,"Here's how to reduce your carbon footprint and live more sustainably.",2024-03-08,2024-03-08,7,0,5,"1,4"
18,3,The Best Gluten-Free Restaurants,"Eating gluten-free doesn't mean sacrificing flavor. Here are the best spots.",2024-01-20,2024-01-20,3,1,4,"2,5"
19,4,My Solo Trip to Japan,"Solo travel can be a life-changing experience. Here's my adventure in Japan.",2024-02-12,2024-02-12,2,0,5,"1,3"
20,5,Winter Fashion Must-Haves,"Winter fashion is all about layering. Here are the essentials for staying stylish.",2024-03-03,2024-03-03,1,0,4,"4"
